<profile version="1.0">
  <option name="myName" value="Default" />
  <inspection_tool class="PyPackageRequirementsInspection" enabled="true" level="WARNING" enabled_by_default="true">
    <option name="ignoredPackages">
      <value>
        <list size="57">
          <item index="0" class="java.lang.String" itemvalue="absl-py" />
          <item index="1" class="java.lang.String" itemvalue="tensorflow-estimator" />
          <item index="2" class="java.lang.String" itemvalue="PyYAML" />
          <item index="3" class="java.lang.String" itemvalue="ufw" />
          <item index="4" class="java.lang.String" itemvalue="pycups" />
          <item index="5" class="java.lang.String" itemvalue="pycairo" />
          <item index="6" class="java.lang.String" itemvalue="gast" />
          <item index="7" class="java.lang.String" itemvalue="macaroonbakery" />
          <item index="8" class="java.lang.String" itemvalue="systemd-python" />
          <item index="9" class="java.lang.String" itemvalue="PyNaCl" />
          <item index="10" class="java.lang.String" itemvalue="Pygments" />
          <item index="11" class="java.lang.String" itemvalue="certifi" />
          <item index="12" class="java.lang.String" itemvalue="unattended-upgrades" />
          <item index="13" class="java.lang.String" itemvalue="Markdown" />
          <item index="14" class="java.lang.String" itemvalue="tensorflow-gpu" />
          <item index="15" class="java.lang.String" itemvalue="lazr.restfulclient" />
          <item index="16" class="java.lang.String" itemvalue="Werkzeug" />
          <item index="17" class="java.lang.String" itemvalue="h5py" />
          <item index="18" class="java.lang.String" itemvalue="cryptography" />
          <item index="19" class="java.lang.String" itemvalue="reportlab" />
          <item index="20" class="java.lang.String" itemvalue="zope.interface" />
          <item index="21" class="java.lang.String" itemvalue="lazr.uri" />
          <item index="22" class="java.lang.String" itemvalue="SecretStorage" />
          <item index="23" class="java.lang.String" itemvalue="simplejson" />
          <item index="24" class="java.lang.String" itemvalue="pyxdg" />
          <item index="25" class="java.lang.String" itemvalue="tensorboard" />
          <item index="26" class="java.lang.String" itemvalue="virtualenv" />
          <item index="27" class="java.lang.String" itemvalue="mock" />
          <item index="28" class="java.lang.String" itemvalue="Keras" />
          <item index="29" class="java.lang.String" itemvalue="Mako" />
          <item index="30" class="java.lang.String" itemvalue="pymacaroons" />
          <item index="31" class="java.lang.String" itemvalue="netifaces" />
          <item index="32" class="java.lang.String" itemvalue="requests-unixsocket" />
          <item index="33" class="java.lang.String" itemvalue="httplib2" />
          <item index="34" class="java.lang.String" itemvalue="wadllib" />
          <item index="35" class="java.lang.String" itemvalue="simplegeneric" />
          <item index="36" class="java.lang.String" itemvalue="pycrypto" />
          <item index="37" class="java.lang.String" itemvalue="python-debian" />
          <item index="38" class="java.lang.String" itemvalue="data-science-framework" />
          <item index="39" class="java.lang.String" itemvalue="Keras-Preprocessing" />
          <item index="40" class="java.lang.String" itemvalue="launchpadlib" />
          <item index="41" class="java.lang.String" itemvalue="urllib3" />
          <item index="42" class="java.lang.String" itemvalue="oauth" />
          <item index="43" class="java.lang.String" itemvalue="keyrings.alt" />
          <item index="44" class="java.lang.String" itemvalue="ubuntu-drivers-common" />
          <item index="45" class="java.lang.String" itemvalue="asn1crypto" />
          <item index="46" class="java.lang.String" itemvalue="xkit" />
          <item index="47" class="java.lang.String" itemvalue="astor" />
          <item index="48" class="java.lang.String" itemvalue="Keras-Applications" />
          <item index="49" class="java.lang.String" itemvalue="termcolor" />
          <item index="50" class="java.lang.String" itemvalue="pyRFC3339" />
          <item index="51" class="java.lang.String" itemvalue="Sphinx" />
          <item index="52" class="java.lang.String" itemvalue="grpcio" />
          <item index="53" class="java.lang.String" itemvalue="olefile" />
          <item index="54" class="java.lang.String" itemvalue="usb-creator" />
          <item index="55" class="java.lang.String" itemvalue="keyring" />
          <item index="56" class="java.lang.String" itemvalue="Pillow" />
        </list>
      </value>
    </option>
  </inspection_tool>
  <inspection_tool class="PyUnresolvedReferencesInspection" enabled="true" level="WARNING" enabled_by_default="true">
    <option name="ignoredIdentifiers">
      <list>
        <option value="personal_frameworks.vizualizer.experiment_vizualizer.templatetags.experiment_vizualizer_extras.EXPERIMENT_MODULES" />
      </list>
    </option>
  </inspection_tool>
</profile>