<application>
  <component name="FileTypeManager" version="17">
    <ignoreFiles list="*$py.class;*.hprof;*.pyc;*.pyo;*.rbc;*.yarb;*~;.DS_Store;.git;.hg;.svn;CVS;__pycache__;_svn;vssver.scc;vssver2.scc;" />
    <extensionMap>
      <mapping pattern="Parameter" type="PLAIN_TEXT" />
      <mapping pattern=".hidden_file" type="PLAIN_TEXT" />
      <mapping pattern="test" type="PLAIN_TEXT" />
      <mapping ext="npy" type="PLAIN_TEXT" />
      <mapping ext="template" type="Python" />
    </extensionMap>
  </component>
</application>