<application>
  <component name="ExportableFileTemplateSettings">
    <default_templates>
      <template name="Gherkin feature file.feature" reformat="true" live-template-enabled="false" enabled="false" />
      <template name="Python __init__.py" reformat="true" live-template-enabled="true" />
      <template name="Python data_spliter.py" reformat="true" live-template-enabled="true" />
      <template name="Python experiment_launcher.py" reformat="true" live-template-enabled="true" />
      <template name="Python layer or network.py" reformat="true" live-template-enabled="true" />
      <template name="Python pytest.py" reformat="true" live-template-enabled="true" />
      <template name="Python settings.py" reformat="true" live-template-enabled="true" />
    </default_templates>
    <internal_templates>
      <template name="Python Script.py" reformat="true" live-template-enabled="true" enabled="true" />
    </internal_templates>
  </component>
</application>