<application>
  <component name="ProjectJdkTable">
    <jdk version="2">
      <name value="Python 3.6 (untitled)" />
      <type value="Python SDK" />
      <version value="Python 3.6.8" />
      <homePath value="$USER_HOME$/PycharmProjects/untitled/venv/bin/python" />
      <roots>
        <classPath>
          <root type="composite">
            <root url="file:///usr/lib/python3.6" type="simple" />
            <root url="file:///usr/lib/python3.6/lib-dynload" type="simple" />
            <root url="file://$USER_HOME$/PycharmProjects/untitled/venv/lib/python3.6/site-packages" type="simple" />
            <root url="jar://$USER_HOME$/PycharmProjects/untitled/venv/lib/python3.6/site-packages/setuptools-40.8.0-py3.6.egg!/" type="simple" />
            <root url="file://$USER_HOME$/PycharmProjects/untitled/venv/lib/python3.6/site-packages/pip-19.0.3-py3.6.egg" type="simple" />
            <root url="file://$USER_HOME$/.PyCharm2019.2/system/python_stubs/711842856" type="simple" />
            <root url="file://$APPLICATION_HOME_DIR$/helpers/python-skeletons" type="simple" />
            <root url="file://$APPLICATION_HOME_DIR$/helpers/typeshed/stdlib/3" type="simple" />
            <root url="file://$APPLICATION_HOME_DIR$/helpers/typeshed/stdlib/2and3" type="simple" />
            <root url="file://$APPLICATION_HOME_DIR$/helpers/typeshed/third_party/3" type="simple" />
            <root url="file://$APPLICATION_HOME_DIR$/helpers/typeshed/third_party/2and3" type="simple" />
          </root>
        </classPath>
        <sourcePath>
          <root type="composite" />
        </sourcePath>
      </roots>
      <additional ASSOCIATED_PROJECT_PATH="$USER_HOME$/PycharmProjects/untitled" />
    </jdk>
    <jdk version="2">
      <name value="Python 3.6 (untitled) (2)" />
      <type value="Python SDK" />
      <version value="Python 3.6.8" />
      <homePath value="/usr/bin/python3" />
      <roots>
        <classPath>
          <root type="composite">
            <root url="file:///usr/lib/python3.6" type="simple" />
            <root url="file:///usr/lib/python3.6/lib-dynload" type="simple" />
            <root url="file://$USER_HOME$/.local/lib/python3.6/site-packages" type="simple" />
            <root url="file:///usr/local/lib/python3.6/dist-packages" type="simple" />
            <root url="file:///usr/lib/python3/dist-packages" type="simple" />
            <root url="file://$USER_HOME$/.PyCharm2019.3/system/python_stubs/-2066100795" type="simple" />
            <root url="file://$APPLICATION_HOME_DIR$/plugins/python/helpers/python-skeletons" type="simple" />
            <root url="file://$APPLICATION_HOME_DIR$/plugins/python/helpers/typeshed/stdlib/3" type="simple" />
            <root url="file://$APPLICATION_HOME_DIR$/plugins/python/helpers/typeshed/stdlib/2and3" type="simple" />
            <root url="file://$APPLICATION_HOME_DIR$/plugins/python/helpers/typeshed/third_party/3" type="simple" />
            <root url="file://$APPLICATION_HOME_DIR$/plugins/python/helpers/typeshed/third_party/2and3" type="simple" />
          </root>
        </classPath>
        <sourcePath>
          <root type="composite" />
        </sourcePath>
      </roots>
      <additional ASSOCIATED_PROJECT_PATH="$USER_HOME$/PycharmProjects/untitled" />
    </jdk>
    <jdk version="2">
      <name value="Python 3.6 (end_to_end_mc_dropout_env)" />
      <type value="Python SDK" />
      <version value="Python 3.6.8" />
      <homePath value="/mnt/D2C8C54FC8C53291/venvs/end_to_end_mc_dropout_env/bin/python3.6" />
      <roots>
        <classPath>
          <root type="composite">
            <root url="file:///mnt/D2C8C54FC8C53291/venvs/end_to_end_mc_dropout_env/lib/python3.6" type="simple" />
            <root url="file:///mnt/D2C8C54FC8C53291/venvs/end_to_end_mc_dropout_env/lib/python3.6/lib-dynload" type="simple" />
            <root url="file:///usr/lib/python3.6" type="simple" />
            <root url="file:///mnt/D2C8C54FC8C53291/venvs/end_to_end_mc_dropout_env/lib/python3.6/site-packages" type="simple" />
            <root url="file://$USER_HOME$/.PyCharm2019.2/system/python_stubs/-137972194" type="simple" />
            <root url="file://$APPLICATION_HOME_DIR$/helpers/python-skeletons" type="simple" />
            <root url="file://$APPLICATION_HOME_DIR$/helpers/typeshed/stdlib/3" type="simple" />
            <root url="file://$APPLICATION_HOME_DIR$/helpers/typeshed/stdlib/2and3" type="simple" />
            <root url="file://$APPLICATION_HOME_DIR$/helpers/typeshed/third_party/3" type="simple" />
            <root url="file://$APPLICATION_HOME_DIR$/helpers/typeshed/third_party/2and3" type="simple" />
          </root>
        </classPath>
        <sourcePath>
          <root type="composite" />
        </sourcePath>
      </roots>
      <additional ASSOCIATED_PROJECT_PATH="/mnt/D2C8C54FC8C53291/end_to_end_mc_dropout/data_sciences_project" />
    </jdk>
    <jdk version="2">
      <name value="Python 3.6 (data_science_framework)" />
      <type value="Python SDK" />
      <version value="Python 3.6.8" />
      <homePath value="/mnt/D2C8C54FC8C53291/data_science_framework/venv/bin/python3.6" />
      <roots>
        <classPath>
          <root type="composite">
            <root url="file:///mnt/D2C8C54FC8C53291/venvs/end_to_end_mc_dropout_env/lib/python3.6" type="simple" />
            <root url="file:///mnt/D2C8C54FC8C53291/venvs/end_to_end_mc_dropout_env/lib/python3.6/lib-dynload" type="simple" />
            <root url="file:///usr/lib/python3.6" type="simple" />
            <root url="file:///mnt/D2C8C54FC8C53291/venvs/end_to_end_mc_dropout_env/lib/python3.6/site-packages" type="simple" />
            <root url="file://$USER_HOME$/.PyCharm2019.3/system/python_stubs/1227051873" type="simple" />
            <root url="file://$APPLICATION_HOME_DIR$/plugins/python/helpers/python-skeletons" type="simple" />
            <root url="file://$APPLICATION_HOME_DIR$/plugins/python/helpers/typeshed/stdlib/3" type="simple" />
            <root url="file://$APPLICATION_HOME_DIR$/plugins/python/helpers/typeshed/stdlib/2and3" type="simple" />
            <root url="file://$APPLICATION_HOME_DIR$/plugins/python/helpers/typeshed/third_party/3" type="simple" />
            <root url="file://$APPLICATION_HOME_DIR$/plugins/python/helpers/typeshed/third_party/2and3" type="simple" />
          </root>
        </classPath>
        <sourcePath>
          <root type="composite" />
        </sourcePath>
      </roots>
      <additional ASSOCIATED_PROJECT_PATH="/mnt/D2C8C54FC8C53291/data_science_framework" />
    </jdk>
    <jdk version="2">
      <name value="Python 3.6 (baseline_unet)" />
      <type value="Python SDK" />
      <version value="Python 3.6.8" />
      <homePath value="/mnt/D2C8C54FC8C53291/venvs/baseline_unet/bin/python" />
      <roots>
        <classPath>
          <root type="composite">
            <root url="file:///mnt/D2C8C54FC8C53291/venvs/baseline_unet/lib/python3.6" type="simple" />
            <root url="file:///mnt/D2C8C54FC8C53291/venvs/baseline_unet/lib/python3.6/lib-dynload" type="simple" />
            <root url="file:///usr/lib/python3.6" type="simple" />
            <root url="file:///mnt/D2C8C54FC8C53291/venvs/baseline_unet/lib/python3.6/site-packages" type="simple" />
            <root url="file://$USER_HOME$/.PyCharm2019.3/system/python_stubs/2065366851" type="simple" />
            <root url="file://$APPLICATION_HOME_DIR$/plugins/python/helpers/python-skeletons" type="simple" />
            <root url="file://$APPLICATION_HOME_DIR$/plugins/python/helpers/typeshed/stdlib/3" type="simple" />
            <root url="file://$APPLICATION_HOME_DIR$/plugins/python/helpers/typeshed/stdlib/2and3" type="simple" />
            <root url="file://$APPLICATION_HOME_DIR$/plugins/python/helpers/typeshed/third_party/3" type="simple" />
            <root url="file://$APPLICATION_HOME_DIR$/plugins/python/helpers/typeshed/third_party/2and3" type="simple" />
          </root>
        </classPath>
        <sourcePath>
          <root type="composite" />
        </sourcePath>
      </roots>
      <additional ASSOCIATED_PROJECT_PATH="/mnt/D2C8C54FC8C53291/baseline_unet" />
    </jdk>
  </component>
</application>